ID,Square,Level,Chronology,RawMaterial,DamagedPlatforms,Blank,Retouch,AxisCoincident,TypologicalAxisLength,TechnologicalAxisLength,TypologicalAxisWidth,TechnologicalAxisWidth,Thickness,Cortex,ButtType,Profile,CrossSection,SideSection,BlankShape,DorsalScars,Fire
Noid11,Z7,2,Solutrean,Chert,2,Non_identifiable,No,NA,23.91,NA,11.06,NA,4.82,No_Cortex,Absent,Straight,Triangular,Trapezoidal,Irregular,Non_Identifiable,No_Traces
Noid12,Z,27,Gravettian,Chert,2,FlakeFragment,No,No,23.13,NA,13.9,13.9,3.68,<25%,Absent,Straight,Triangular,Trapezoidal,Parallel,Non_Identifiable,No_Traces
Noid13,ZZ7,12,Gravettian,Chert,2,FlakeFragment,No,No,22.85,NA,15.1,22.85,5.59,No_Cortex,Absent,Straight,Trapezoidal,Irregular,Parallel,Non_Identifiable,No_Traces
Noid18,Z27,8,Gravettian,Chert,3,FlakeFragment,No,No,25.86,NA,15.02,15.02,5.32,No_Cortex,Absent,Straight,Triangular,Other,Parallel,Non_Identifiable,No_Traces
2015,H24,5,Solutrean,Chert,2,FlakeFragment,No,No,22.12,NA,9.09,NA,5.86,No_Cortex,Absent,Straight,Trapezoidal,Semi_Circular,Parallel,Non_Identifiable,No_Traces
3171,H24,8,Solutrean,Chert,2,FlakeFragment,No,Yes,16.29,NA,15.26,NA,5.49,No_Cortex,Absent,Straight,Triangular,Triangular,Parallel,Non_Identifiable,No_Traces
Noid14,Z27,3,Solutrean,Chalcedony,2,FlakeFragment,No,No,22.37,NA,15.39,15.39,7.54,No_Cortex,Absent,Straight,Triangular,Irregular,Converging,Non_Identifiable,No_Traces
Noid20,H23,16,Gravettian,Chert,2,FlakeFragment,No,Yes,27.04,NA,15.07,NA,12.38,No_Cortex,Absent,Straight,Trapezoidal,Trapezoidal,Parallel,Non_Identifiable,No_Traces
Noid16,G25,9,Proto-Solutrean,Chalcedony,2,FlakeFragment,No,No,24.13,NA,18.45,NA,7.96,No_Cortex,Absent,Straight,Trapezoidal,Trapezoidal,Irregular,Non_Identifiable,No_Traces
Noid21,G25,11,Gravettian,Chert,2,Non_identifiable,No,NA,15.68,NA,10.4,NA,7.16,No_Cortex,Absent,Straight,Trapezoidal,Elliptical,Parallel,Non_Identifiable,No_Traces
1211,ZZ5,4,Solutrean,Quartz,2,FlakeFragment,No,No,16.87,NA,12.9,NA,7.95,No_Cortex,Absent,Straight,Trapezoidal,Trapezoidal,Parallel,Non_Identifiable,No_Traces
1314,H24,4,Solutrean,Quartz,2,CompleteFlake,No,No,37.57,36.13,26.12,NA,13.72,>95%,Absent,Straight,Trapezoidal,Triangular,Parallel,Non_Identifiable,No_Traces
2465,H24,6,Solutrean,Chert,2,CompleteFlake,No,No,24.45,NA,15.27,17.25,8.53,No_Cortex,Flat,Straight,Trapezoidal,Irregular,Irregular,Non_Identifiable,No_Traces
1416,Z,25,Gravettian,Quartz,2,CompleteFlake,No,Yes,34.01,NA,19.57,NA,10.53,<25%,Absent,Straight,Trapezoidal,Trapezoidal,Biconvex,Non_Identifiable,No_Traces
1561,G24,10,Proto-Solutrean,Chert,2,FlakeFragment,No,No,17.43,NA,10.13,NA,3.3,No_Cortex,Absent,Straight,Trapezoidal,Trapezoidal,Parallel,Non_Identifiable,No_Traces
3198,H24,8,Solutrean,Chert,4_or_more,FlakeFragment,No,No,25.07,NA,27.81,27.81,12.53,25-50%,Absent,Straight,Triangular,Trapezoidal,Parallel,Non_Identifiable,No_Traces
1526,H23,8,Solutrean,Quartz,2,CompleteFlake,No,Yes,33.52,NA,20.5,NA,6.03,No_Cortex,Absent,Straight,Trapezoidal,Triangular,Converging,Non_Identifiable,No_Traces
2609,H23,13,Gravettian,Chert,2,CompleteFlake,Yes,Yes,35.18,NA,22.34,NA,8.04,No_Cortex,Flat,Straight,Trapezoidal,Elliptical,Parallel,Proximal-Parallel,No_Traces
1165,ZZ,4,Solutrean,Chert,2,FlakeFragment,No,No,19.72,NA,21.5,NA,10.07,No_Cortex,Absent,Straight,Triangular,Triangular,Other,Non_Identifiable,No_Traces
2879,G24,18,Gravettian,Chert,2,FlakeFragment,No,Yes,25.95,NA,16.34,NA,9.11,No_Cortex,Absent,Straight,Triangular,Trapezoidal,Parallel,Parallel-One-Side,No_Traces
1582,H22,10,Proto-Solutrean,Quartz,2,CompleteFlake,No,Yes,43.56,NA,23.88,NA,14.29,No_Cortex,Flat,Straight,Trapezoidal,Trapezoidal,Parallel,Proximal-Parallel,No_Traces
3726,H24,9,Proto-Solutrean,Chert,2,CompleteFlake,No,No,26.28,NA,18.1,NA,5.5,No_Cortex,Absent,Straight,Other,Trapezoidal,Irregular,Non_Identifiable,No_Traces
447,G24,14,Gravettian,Chert,2,FlakeFragment,No,Yes,12.19,NA,14.47,NA,6.86,No_Cortex,Absent,Straight,Trapezoidal,Elliptical,Parallel,Proximal-Parallel,No_Traces
Noid3,G25,11,Gravettian,Chert,2,CompleteFlake,No,Yes,24.8,NA,22.7,NA,11.77,No_Cortex,Absent,Straight,Trapezoidal,Trapezoidal,Parallel,Non_Identifiable,No_Traces
Noid5,G25,17,Gravettian,Chert,2,CompleteFlake,No,Yes,31.93,NA,21.9,NA,6.12,No_Cortex,Flat,Straight,Trapezoidal,Elliptical,Parallel,Non_Identifiable,No_Traces
Noid6,G25,5,Solutrean,Chert,3,FlakeFragment,No,No,22.12,NA,17.19,17.19,5.39,No_Cortex,Absent,Straight,Triangular,Trapezoidal,Parallel,Non_Identifiable,No_Traces
1465,H24,4,Solutrean,Chert,2,FlakeFragment,No,No,26.11,NA,14.71,NA,4.52,<25%,Absent,Straight,Triangular,Trapezoidal,Irregular,Non_Identifiable,No_Traces
702,G22,5,Solutrean,Chert,3,CompleteFlake,No,No,25.91,NA,38.2,NA,12.71,No_Cortex,Absent,Straight,Other,Irregular,Irregular,Non_Identifiable,No_Traces
Noid7,G25,18,Gravettian,Chert,3,Non_identifiable,No,NA,17.37,NA,15.92,NA,4.31,No_Cortex,Absent,Straight,Triangular,Elliptical,Parallel,Non_Identifiable,No_Traces
2789,ZZ25,7,Solutrean,Chert,2,Non_identifiable,No,NA,19.33,NA,16.65,NA,8.31,No_Cortex,Absent,Straight,Trapezoidal,Trapezoidal,Parallel,Non_Identifiable,No_Traces
1934,G24,12,Gravettian,Chert,4_or_more,FlakeFragment,No,No,36.24,NA,24.23,24.23,5.05,No_Cortex,Absent,Curved,Rectangular,Trapezoidal,Irregular,Non_Identifiable,Burnt
1704,ZZ25,6,Solutrean,Chert,2,Non_identifiable,No,NA,22.83,NA,14.58,14.58,4.96,No_Cortex,Flat,Straight,Trapezoidal,Trapezoidal,Parallel,Non_Identifiable,No_Traces
3258,ZZ27,8,Gravettian,Chert,2,FlakeFragment,No,Yes,25.07,NA,20.7,NA,7.56,50-95%,Absent,Straight,Trapezoidal,Semi_Circular,Parallel,Non_Identifiable,No_Traces
2681,G24,17,Gravettian,Chert,3,FlakeFragment,No,No,23.65,NA,17.22,17.22,5.81,No_Cortex,Flat,Curved,Trapezoidal,Trapezoidal,Irregular,Bidirectional-Parallel,No_Traces
2352,ZZ25,7,Solutrean,Chert,3,FlakeFragment,No,No,22.13,NA,17.67,NA,5.35,No_Cortex,Absent,Straight,Triangular,Trapezoidal,Parallel,Non_Identifiable,No_Traces
Noid26,G25,2,Magdalenian,Chert,2,Non_identifiable,No,NA,18.63,NA,18.46,NA,7.33,No_Cortex,Absent,Straight,Trapezoidal,Trapezoidal,Parallel,Non_Identifiable,No_Traces
Noid28,G25,5,Solutrean,Chert,2,Non_identifiable,No,NA,16.08,NA,11.51,NA,2.79,No_Cortex,Absent,Straight,Trapezoidal,Trapezoidal,Parallel,Non_Identifiable,No_Traces
Noid29,G25,5,Solutrean,Chert,2,FlakeFragment,No,No,17.45,NA,16.38,16.38,7.42,25-50%,Absent,Straight,Trapezoidal,Triangular,Parallel,Non_Identifiable,No_Traces
2859,H23,13,Gravettian,Chert,4_or_more,CompleteFlake,No,Yes,40.56,NA,24.8,NA,7.14,<25%,Absent,Straight,Triangular,Trapezoidal,Parallel,Non_Identifiable,No_Traces
1531,G24,10,Proto-Solutrean,Chert,3,FlakeFragment,No,No,22.67,NA,15.86,22.83,9.6,No_Cortex,Absent,Straight,Trapezoidal,Trapezoidal,Other,Non_Identifiable,No_Traces
639,H21,4,Solutrean,Chert,2,CompleteFlake,No,No,28.58,29.71,20.81,20.81,9.55,No_Cortex,Flat,Straight,Trapezoidal,Trapezoidal,Parallel,Non_Identifiable,No_Traces
Noid1,G25,6,Solutrean,Chert,2,FlakeFragment,Yes,Yes,27.96,NA,17.07,NA,10.09,25-50%,Absent,Straight,Rectangular,Triangular,Converging,Non_Identifiable,No_Traces
2547,G24,17,Gravettian,Chert,2,FlakeFragment,No,No,24.74,NA,23.63,19.24,8.75,No_Cortex,Flat,Straight,Trapezoidal,Trapezoidal,Parallel,Non_Identifiable,No_Traces
1648,G24,11,Gravettian,Quartz,2,Non_identifiable,No,NA,13.88,NA,10.7,NA,6.34,No_Cortex,Absent,Straight,Trapezoidal,Elliptical,Parallel,Non_Identifiable,No_Traces
568,G24,4,Solutrean,Chert,2,FlakeFragment,No,No,22.65,NA,20.3,16.56,3.27,No_Cortex,Absent,Straight,Trapezoidal,Trapezoidal,Parallel,Non_Identifiable,No_Traces
1594,G24,10,Proto-Solutrean,Chert,2,Non_identifiable,No,NA,14.2,NA,19.86,NA,4.73,No_Cortex,Absent,Straight,Triangular,Triangular,Other,Non_Identifiable,No_Traces
443,G24,4,Solutrean,Chert,2,Non_identifiable,No,NA,14.44,NA,14.26,NA,4.29,No_Cortex,Absent,Straight,Trapezoidal,Trapezoidal,Parallel,Non_Identifiable,No_Traces
Noid35,G25,2,Magdalenian,Chert,3,FlakeFragment,No,Yes,18.12,NA,18.5,NA,6.19,No_Cortex,Absent,Straight,Trapezoidal,Elliptical,Parallel,Non_Identifiable,No_Traces
1982,H24,6,Solutrean,Quartz,2,FlakeFragment,No,No,16.99,NA,11.91,NA,7.96,No_Cortex,Absent,Straight,Triangular,Semi_Circular,Parallel,Non_Identifiable,No_Traces
515,G23,5,Solutrean,Chert,2,FlakeFragment,No,Yes,27.6,NA,26.13,NA,11.14,No_Cortex,Absent,Straight,Rectangular,Trapezoidal,Parallel,Proximal-Parallel,No_Traces
2042,H24,27,Gravettian,Quartz,2,Non_identifiable,No,NA,27.74,NA,31.71,NA,13.1,No_Cortex,Absent,Straight,Trapezoidal,Irregular,Irregular,Non_Identifiable,No_Traces
Noid37,G25,8,Solutrean,Chert,2,Non_identifiable,No,NA,18.91,NA,13.9,NA,3.38,No_Cortex,Absent,Straight,Rectangular,Trapezoidal,Parallel,Non_Identifiable,No_Traces
Noid39,G25,8,Solutrean,Chert,2,Non_identifiable,No,NA,17.28,NA,15.26,NA,4.83,No_Cortex,Absent,Straight,Rectangular,Trapezoidal,Parallel,Non_Identifiable,No_Traces
Noid23,G25,6,Solutrean,Chert,2,FlakeFragment,No,No,22.78,NA,14.63,19.33,12.35,No_Cortex,Absent,Straight,Trapezoidal,Elliptical,Irregular,Non_Identifiable,No_Traces
Noid47,G25,5,Solutrean,Chert,2,FlakeFragment,No,No,19.32,NA,NA,NA,5.33,No_Cortex,Absent,Straight,Trapezoidal,Rectangular,Parallel,Non_Identifiable,No_Traces
Noid48,G25,5,Solutrean,Chert,2,FlakeFragment,No,Yes,22.48,NA,16.52,NA,8.65,No_Cortex,Absent,Straight,Triangular,Rectangular,Parallel,Non_Identifiable,No_Traces
1222,G24,8,Solutrean,Chert,2,FlakeFragment,No,No,30.84,NA,24.21,30.84,12.41,>95%,Absent,Straight,Rectangular,Elliptical,Irregular,Other,No_Traces
2293,G23,13,Gravettian,Chert,2,CompleteFlake,No,Yes,26.54,NA,NA,NA,8.18,50-95%,Absent,Straight,Trapezoidal,Elliptical,Parallel,Distal-Parallel,No_Traces
Noid49,G25,4,Solutrean,Chert,2,FlakeFragment,No,Yes,25.54,NA,13.61,NA,9.9,No_Cortex,Absent,Straight,Triangular,Semi_Circular,Parallel,Non_Identifiable,Burnt
847,H21,5,Solutrean,Chert,2,FlakeFragment,No,Yes,28.98,NA,19.21,NA,5.64,25-50%,Absent,Straight,Rectangular,Trapezoidal,Parallel,Non_Identifiable,No_Traces
2757,G24,9,Proto-Solutrean,Chert,2,CompleteFlake,No,Yes,30.24,NA,23.57,NA,12.64,<25%,Absent,Straight,Trapezoidal,Trapezoidal,Parallel,Non_Identifiable,No_Traces
2119,H22,11,Gravettian,Quartz,2,CompleteFlake,No,Yes,25.85,NA,19.3,NA,6.77,No_Cortex,Absent,Straight,Rectangular,Semi_Circular,Circular,Non_Identifiable,No_Traces
219,G21,3,Solutrean,Quartz,2,CompleteFlake,No,No,28.51,NA,21.81,28.51,12.41,No_Cortex,Absent,Straight,Trapezoidal,Elliptical,Parallel,Non_Identifiable,No_Traces
2228,G22,12,Gravettian,Quartz,2,FlakeFragment,No,Yes,13.22,NA,NA,NA,7.55,No_Cortex,Absent,Straight,Triangular,Irregular,Parallel,Non_Identifiable,No_Traces
2275,H24,6,Solutrean,Quartz,2,FlakeFragment,No,No,20.95,NA,19.91,NA,5.54,No_Cortex,Absent,Straight,Trapezoidal,Rectangular,Circular,Non_Identifiable,No_Traces
2346,G24,16,Gravettian,Quartz,2,Non_identifiable,No,NA,28.59,NA,17.75,NA,13.16,No_Cortex,Absent,Straight,Trapezoidal,Trapezoidal,Converging,Non_Identifiable,No_Traces
2394,H22,13,Gravettian,Quartz,2,FlakeFragment,No,Yes,17.84,NA,17.84,NA,6.3,No_Cortex,Absent,Straight,Trapezoidal,Semi_Circular,Parallel,Non_Identifiable,No_Traces
2423,H22,14,Gravettian,Quartz,2,Non_identifiable,No,NA,16.34,NA,15.13,NA,5.93,No_Cortex,Absent,Straight,Rectangular,Elliptical,Parallel,Non_Identifiable,No_Traces
2433,H23,11,Gravettian,Quartz,2,Non_identifiable,No,Yes,10.2,NA,9.3,NA,8.31,No_Cortex,Absent,Straight,Trapezoidal,Semi_Circular,Biconvex,Non_Identifiable,No_Traces
2438,G24,17,Gravettian,Quartz,2,FlakeFragment,No,Yes,23.33,NA,15.06,NA,7.57,No_Cortex,Absent,Straight,Triangular,Trapezoidal,Parallel,Non_Identifiable,No_Traces
298,ZZ26,2,Solutrean,Chalcedony,3,FlakeFragment,No,No,19.22,NA,21.8,21.8,12.9,No_Cortex,Absent,Straight,Trapezoidal,Rectangular,Irregular,Non_Identifiable,Burnt
2438,G24,17,Gravettian,Quartz,2,Non_identifiable,No,NA,16.59,NA,14.1,NA,5.48,No_Cortex,Absent,Straight,Trapezoidal,Elliptical,Parallel,Non_Identifiable,No_Traces
2459,ZZ27,7,Solutrean,Quartz,2,FlakeFragment,No,Yes,35.65,NA,18.95,NA,9.38,No_Cortex,Absent,Straight,Rectangular,Elliptical,Parallel,Non_Identifiable,No_Traces
2478,H24,6,Solutrean,Quartz,2,Non_identifiable,No,NA,21.44,NA,13.88,NA,9.82,No_Cortex,Absent,Straight,Rectangular,Irregular,Parallel,Non_Identifiable,No_Traces
2593,H24,29,Gravettian,Quartz,2,Non_identifiable,No,NA,22.05,NA,11.23,NA,8.27,No_Cortex,Absent,Straight,Rectangular,Triangular,Parallel,Non_Identifiable,No_Traces
2606,G23,14,Gravettian,Quartz,2,Non_identifiable,No,NA,26.92,NA,19.6,NA,12.11,No_Cortex,Absent,Straight,Triangular,Triangular,Other,Non_Identifiable,No_Traces
2681,G24,17,Gravettian,Quartz,2,FlakeFragment,No,Yes,22.58,NA,13.59,NA,7.21,No_Cortex,Absent,Straight,Trapezoidal,Triangular,Parallel,Non_Identifiable,No_Traces
2681,G24,17,Gravettian,Quartz,2,FlakeFragment,No,Yes,20.68,NA,11.56,NA,5.08,No_Cortex,Absent,Straight,Trapezoidal,Semi_Circular,Parallel,Non_Identifiable,No_Traces
2681,G24,17,Gravettian,Quartz,2,Non_identifiable,No,NA,19.53,NA,17.7,NA,5.33,No_Cortex,Absent,Straight,Rectangular,Trapezoidal,Parallel,Non_Identifiable,No_Traces
131,G24,2,Magdalenian,Chert,1,FlakeFragment,No,Yes,15.08,NA,23.41,NA,7.91,No_Cortex,Absent,Straight,Triangular,Triangular,Irregular,Non_Identifiable,No_Traces
2760,H24,7,Solutrean,Quartz,2,FlakeFragment,No,No,19.05,NA,12.64,NA,4.61,No_Cortex,Absent,Straight,Triangular,Trapezoidal,Irregular,Non_Identifiable,No_Traces
Noid43,G25,7,Solutrean,Chert,2,FlakeFragment,No,Yes,18.54,NA,17.11,NA,7.5,No_Cortex,Absent,Straight,Triangular,Triangular,Irregular,Non_Identifiable,No_Traces
2922,H24,7,Solutrean,Quartz,1,FlakeFragment,No,No,15.61,NA,18.03,NA,6.57,No_Cortex,Absent,Straight,Trapezoidal,Rectangular,Irregular,Non_Identifiable,No_Traces
302,G21,4,Solutrean,Quartz,2,FlakeFragment,No,No,23.65,NA,22.1,23.64,6.76,No_Cortex,Absent,Straight,Other,Rectangular,Irregular,Non_Identifiable,No_Traces
3022,G24,19,Gravettian,Quartz,2,FlakeFragment,No,No,23.04,NA,16.03,23.04,9.53,No_Cortex,Absent,Straight,Triangular,Trapezoidal,Parallel,Non_Identifiable,No_Traces
3086,H23,14,Gravettian,Quartz,2,FlakeFragment,No,No,16.55,19.1,19.1,16.55,9.63,No_Cortex,Absent,Straight,Trapezoidal,Triangular,Irregular,Non_Identifiable,No_Traces
Noid25,G25,6,Solutrean,Chert,2,FlakeFragment,No,No,24.6,NA,15.12,NA,5.25,No_Cortex,Absent,Straight,Triangular,Trapezoidal,Other,Non_Identifiable,No_Traces
3094,G24,19,Gravettian,Quartz,2,Non_identifiable,No,NA,26.05,NA,12.19,NA,5.87,No_Cortex,Absent,Straight,Trapezoidal,Trapezoidal,Parallel,Non_Identifiable,No_Traces
31,ZZ25,11,Gravettian,Quartz,2,FlakeFragment,No,No,21.72,NA,14.98,NA,6.7,No_Cortex,Absent,Straight,Trapezoidal,Semi_Circular,Parallel,Non_Identifiable,No_Traces
3120,H24,8,Solutrean,Quartz,2,Non_identifiable,No,NA,29.89,NA,12.28,NA,10.16,No_Cortex,Absent,Straight,Triangular,Elliptical,Parallel,Non_Identifiable,No_Traces
3129,H23,14,Gravettian,Quartz,2,FlakeFragment,No,Yes,27.07,NA,15.97,NA,9.18,No_Cortex,Absent,Straight,Rectangular,Trapezoidal,Parallel,Non_Identifiable,No_Traces
3171,H24,8,Solutrean,Quartz,2,FlakeFragment,No,No,19.35,NA,12.28,NA,NA,No_Cortex,Absent,Straight,Triangular,Semi_Circular,Parallel,Non_Identifiable,No_Traces
3179,H23,15,Gravettian,Quartz,2,FlakeFragment,No,Yes,40.65,NA,20.09,NA,16.42,No_Cortex,Absent,Straight,Trapezoidal,Elliptical,Parallel,Non_Identifiable,No_Traces
3196,H24,8,Solutrean,Quartz,2,CompleteFlake,No,Yes,34.03,NA,28.12,NA,9.99,No_Cortex,Absent,Straight,Trapezoidal,Elliptical,Converging,Parallel-One-Side,No_Traces
3264,H23,16,Gravettian,Quartz,2,FlakeFragment,No,Yes,15.92,NA,11.1,NA,7.03,No_Cortex,Absent,Straight,Trapezoidal,Trapezoidal,Parallel,Non_Identifiable,No_Traces
3022,G24,19,Gravettian,Chert,2,FlakeFragment,No,No,15.38,NA,10.39,10.39,5.33,No_Cortex,Absent,Straight,Triangular,Triangular,Other,Non_Identifiable,No_Traces
Noid31,G24,19,Gravettian,Chert,2,FlakeFragment,No,No,18.72,NA,17.87,17.87,7.25,25-50%,Absent,Straight,Triangular,Other,Circular,Non_Identifiable,No_Traces
3268,H23,16,Gravettian,Quartz,2,Non_identifiable,No,NA,27.72,NA,17.31,NA,10.63,No_Cortex,Absent,Straight,Triangular,Elliptical,Parallel,Non_Identifiable,No_Traces
3268,H23,16,Gravettian,Quartz,2,FlakeFragment,No,No,20.05,NA,21.41,21.41,8.74,No_Cortex,Absent,Straight,Triangular,Triangular,Irregular,Proximal-Parallel,No_Traces
3274,ZZ26,9,Gravettian,Quartz,2,CompleteFlake,No,Yes,37.82,NA,28.61,NA,20.27,No_Cortex,Absent,Straight,Rectangular,Triangular,Parallel,Proximal-Parallel,No_Traces
3306,H23,16,Gravettian,Quartz,2,CompleteFlake,No,Yes,13.12,NA,18.2,NA,28.81,No_Cortex,Absent,Straight,Trapezoidal,Semi_Circular,Parallel,Non_Identifiable,No_Traces
3383,H24,8,Solutrean,Quartz,2,Non_identifiable,No,NA,27.68,NA,11.81,NA,6.54,No_Cortex,Absent,Straight,Triangular,Semi_Circular,Parallel,Non_Identifiable,No_Traces
Noid33,G24,3,Solutrean,Chert,1,Non_identifiable,No,NA,17.02,NA,13.31,NA,4.74,No_Cortex,Absent,Straight,Triangular,Trapezoidal,Converging,Non_Identifiable,Burnt
3494,H24,8,Solutrean,Quartz,2,FlakeFragment,No,Yes,32.59,NA,11.96,NA,9.42,No_Cortex,Absent,Straight,Rectangular,Semi_Circular,Biconvex,Non_Identifiable,No_Traces
353,H24,22,Gravettian,Quartz,2,FlakeFragment,No,No,17.46,NA,12.68,NA,4.9,No_Cortex,Absent,Straight,Triangular,Trapezoidal,Parallel,Non_Identifiable,No_Traces
3579,ZZ,27,Gravettian,Quartz,2,CompleteFlake,No,No,32.75,34.45,28.85,28.85,17.67,No_Cortex,Absent,Straight,Trapezoidal,Elliptical,Circular,Proximal-Parallel,No_Traces
564,G24,4,Solutrean,Chalcedony,2,CompleteFlake,No,Yes,33.65,NA,17.3,NA,6.96,No_Cortex,Absent,Straight,Trapezoidal,Trapezoidal,Parallel,Proximal-Parallel,No_Traces
3726,H24,9,Proto-Solutrean,Quartz,2,FlakeFragment,No,Yes,13.65,NA,13.65,NA,9.53,No_Cortex,Absent,Straight,Trapezoidal,Semi_Circular,Parallel,Non_Identifiable,No_Traces
376,ZZ27,3,Solutrean,Quartz,2,Non_identifiable,No,NA,21.47,NA,11.28,NA,7.74,No_Cortex,Absent,Straight,Trapezoidal,Trapezoidal,Parallel,Non_Identifiable,No_Traces
3809,ZZ27,9,Gravettian,Quartz,2,Non_identifiable,No,NA,28.26,NA,13.83,NA,16.67,No_Cortex,Absent,Straight,Other,Trapezoidal,Parallel,Non_Identifiable,No_Traces
3885,ZZ27,9,Gravettian,Quartz,2,Non_identifiable,No,NA,36.22,NA,17,NA,15.7,No_Cortex,Absent,Straight,Triangular,Irregular,Parallel,Non_Identifiable,No_Traces
41,H24,20,Gravettian,Quartz,2,Non_identifiable,No,NA,20.91,NA,10.68,NA,6.32,No_Cortex,Absent,Straight,Trapezoidal,Elliptical,Parallel,Non_Identifiable,No_Traces
421,H24,23,Gravettian,Quartz,2,CompleteFlake,No,Yes,36.77,NA,21.52,NA,19.09,No_Cortex,Absent,Straight,Trapezoidal,Trapezoidal,Parallel,Proximal-Parallel,No_Traces
441,ZZ27,3,Solutrean,Quartz,2,FlakeFragment,No,No,25.25,NA,17.07,17.06,11.38,No_Cortex,Absent,Straight,Trapezoidal,Triangular,Parallel,Non_Identifiable,No_Traces
2558,G23,14,Gravettian,Chert,2,CompleteFlake,No,No,31.34,19.93,19.93,19.93,9.88,25-50%,Absent,Straight,Triangular,Rectangular,Circular,Non_Identifiable,No_Traces
450,ZZ27,3,Solutrean,Quartz,2,Non_identifiable,No,NA,16.63,NA,14.62,14.62,6.06,No_Cortex,Absent,Straight,Triangular,Irregular,Other,Non_Identifiable,No_Traces
456,ZZ26,3,Solutrean,Quartz,2,Non_identifiable,No,NA,27.44,NA,9.97,9.97,6.83,No_Cortex,Absent,Straight,Rectangular,Semi_Circular,Parallel,Non_Identifiable,No_Traces
551,H22,5,Solutrean,Quartz,2,CompleteFlake,No,Yes,42.17,NA,19.1,NA,9.44,No_Cortex,Absent,Straight,Rectangular,Rectangular,Parallel,Proximal-Parallel,No_Traces
767,H23,6,Solutrean,Quartz,2,CompleteFlake,No,Yes,29.77,NA,22.63,NA,10.71,No_Cortex,Absent,Straight,Trapezoidal,Elliptical,Parallel,Proximal-Parallel,No_Traces
850,H24,2,Magdalenian,Quartz,2,FlakeFragment,No,No,22.63,NA,20.11,20.11,6.79,No_Cortex,Absent,Straight,Triangular,Triangular,Circular,Non_Identifiable,No_Traces
Noid10,G25,16,Gravettian,Quartz,2,FlakeFragment,No,No,28.74,NA,16.72,16.72,10.42,No_Cortex,Absent,Straight,Trapezoidal,Elliptical,Parallel,Non_Identifiable,No_Traces
Noid15,Z,27,Gravettian,Quartz,2,CompleteFlake,No,Yes,31.73,NA,17.91,NA,13.49,>95%,Absent,Straight,Trapezoidal,Elliptical,Parallel,Distal-Parallel,No_Traces
Noid17,Z27,4,Solutrean,Quartz,2,CompleteFlake,No,Yes,30.81,NA,21.4,NA,11.6,No_Cortex,Absent,Straight,Triangular,Triangular,Converging,Proximal-Parallel,No_Traces
Noid19,H24,4,Solutrean,Quartz,2,FlakeFragment,No,No,20.75,NA,8.98,NA,7.98,No_Cortex,Absent,Straight,Triangular,Semi_Circular,Parallel,Non_Identifiable,No_Traces
Noid38,G25,8,Solutrean,Chert,2,FlakeFragment,No,Yes,15.72,NA,18.81,NA,5.81,No_Cortex,Absent,Straight,Triangular,Elliptical,Circular,Non_Identifiable,No_Traces
Noid2,G25,4,Solutrean,Quartz,2,FlakeFragment,No,Yes,23.49,NA,11.84,NA,8.7,No_Cortex,Absent,Straight,Trapezoidal,Semi_Circular,Parallel,Non_Identifiable,No_Traces
Noid22,G25,11,Gravettian,Quartz,2,Non_identifiable,No,NA,25.84,NA,11.32,NA,7.65,No_Cortex,Absent,Curved,Trapezoidal,Semi_Circular,Parallel,Non_Identifiable,No_Traces
Noid27,G25,11,Gravettian,Quartz,2,Non_identifiable,No,NA,25.22,NA,11.97,NA,9.42,50-95%,Absent,Straight,Other,Irregular,Converging,Non_Identifiable,No_Traces
Noid30,G25,9,Proto-Solutrean,Quartz,2,FlakeFragment,No,No,30.72,NA,26.03,23.64,8.73,No_Cortex,Absent,Straight,Trapezoidal,Triangular,Irregular,Non_Identifiable,No_Traces
Noid32,G24,2,Magdalenian,Quartz,2,FlakeFragment,No,No,22.25,NA,15.35,15.35,7.08,No_Cortex,Absent,Straight,Rectangular,Trapezoidal,Converging,Non_Identifiable,No_Traces
Noid44,G25,9,Proto-Solutrean,Chert,2,CompleteFlake,No,Yes,32.18,NA,24.57,NA,18.31,No_Cortex,Absent,Straight,Trapezoidal,Trapezoidal,Circular,Non_Identifiable,No_Traces
Noid34,G25,3,Solutrean,Quartz,2,FlakeFragment,No,No,17.12,NA,21.81,16.7,5.53,No_Cortex,Absent,Straight,Trapezoidal,Trapezoidal,Parallel,Non_Identifiable,No_Traces
Noid36,G24,2,Magdalenian,Quartz,2,FlakeFragment,No,Yes,27.66,NA,14.61,NA,10.63,No_Cortex,Absent,Straight,Rectangular,Semi_Circular,Parallel,Non_Identifiable,No_Traces
Noid4,G25,9,Proto-Solutrean,Quartz,2,CompleteFlake,No,Yes,32.7,NA,24.01,NA,12.1,No_Cortex,Absent,Straight,Trapezoidal,Trapezoidal,Parallel,Non_Identifiable,No_Traces
Noid45,G25,4,Solutrean,Quartz,2,FlakeFragment,No,Yes,24.27,NA,13.48,NA,8.1,No_Cortex,Absent,Straight,Trapezoidal,Irregular,Parallel,Non_Identifiable,No_Traces
Noid8,G25,17,Gravettian,Quartz,2,Non_identifiable,No,NA,26.4,NA,13.7,NA,8.11,No_Cortex,Absent,Straight,Triangular,Trapezoidal,Parallel,Non_Identifiable,No_Traces
1574,H21,8,Solutrean,Chalcedony,2,CompleteFlake,No,Yes,29.88,NA,16.17,NA,7.69,No_Cortex,Absent,Straight,Trapezoidal,Trapezoidal,Parallel,Non_Identifiable,No_Traces
Noid9,G25,17,Gravettian,Quartz,2,FlakeFragment,No,Yes,22.97,NA,15.97,NA,6.44,No_Cortex,Absent,Straight,Trapezoidal,Elliptical,Other,Non_Identifiable,No_Traces
Noid50,G25,5,Solutrean,Chert,2,CompleteFlake,No,Yes,28.7,NA,24.23,NA,12.03,No_Cortex,Absent,Straight,Trapezoidal,Irregular,Circular,Proximal-Parallel,No_Traces
